Sitename,Disc,lo_Name,Link,Typename
"Old Bailey Online   ","Old Bailey Online    ","UK
",https://www.oldbaileyonline.org/,Criminal
"Victorian Crime and Punishment","Prisoner database with records and case study of Victorian Britain","UK
",http://vcp.e2bn.org/,Criminal
"Victorian Crime and Punishment","Prisoner database with records and case study of Victorian Britain","UK
",http://vcp.e2bn.org/,Criminal
"Criminal Register Index","Transcriptions of Gloucestershire Summary Convictions Register 1853-1879","UK
",http://www.genebug.net/crims.html,Criminal
"Capital Punishment 18th & 19th Century","Case studies of crimes","UK
",http://www.capitalpunishmentuk.org/index18.html,Criminal
"Cobourg Gaol Inmates 1832-1848","Ontario criminal database","UK
",http://www.ontariogenealogy.com/cobourgcriminal.html,Criminal
"Australias First Fleet","List of convicts sent from the UK to Australia on 13 May 1787","UK
",http://members.pcug.org.au/~pdownes/dps/1stflt.htm,Criminal
"Cornwall OPC","Cornwall parish records","UK
",http://www.opc-cornwall.org/,comps
"Family Search","Records from around the world","UK
",https://familysearch.org/,comps
FreeBMD,"Free access to birth, marriage and death indexes of England and Wales","UK
",http://www.freebmd.org.uk/,comps
FreeCen,"Access to free transcriptions of census records.  A work in progress","UK
",http://www.freecen.org.uk/cgi/search.pl,comps
FreeReg,"Transcriptions of parish records","UK
",http://www.freereg.org.uk/,comps
"Lancashire OPC","Lancashire parish record transcriptions","UK
",http://www.lan-opc.org.uk/,comps
"Old Bailey online","Transcripts of criminal cases","UK
"," http://www.oldbaileyonline.org/forms/formMain.jsp",comps
"General Registry Office","You need to register for free but it will give you access to the best index for England and Wales births.  The GRO have added mothers maiden names to births before 1911","UK
",https://www.gro.gov.uk/gro/content/certificates/Login.asp,comps
"State Library of Queensland","Convict transportation registers database",Australia,http://www.slq.qld.gov.au/resources/family-history/convicts,Criminal
"Australian Records","National Library of Australia",Australia,http://www.nla.gov.au/,comps
"NSW Registry of Birth, Death and Marriages","New South Wales family history search",Australia,http://www.bdm.nsw.gov.au/Pages/family-history/family-history.aspx,comps
"Library and Archives of Canada","Genealogy and Family History",Canada,http://www.bac-lac.gc.ca/eng/discover/genealogy/Pages/introduction.aspx,Criminal
"Library and Archives of Canada","Free access to Genealogy and Family History records for Canada ",Canada,http://www.bac-lac.gc.ca/eng/discover/genealogy/Pages/introduction.aspx,comps
"Castle Garden","The first immigration centre of the USA",USA,http://www.castlegarden.org/,comps
"Ellis Island","Passenger lists ",USA,http://www.libertyellisfoundation.org/,comps
"Irish Genealogy","Free access to parish records and so much more",Ireland,https://www.irishgenealogy.ie/en/,comps
"Italian Genealogy","Surprisingly, lots of Irish records on here too",Ireland,http://italiangen.org/,comps
"New Zealand Birth, Deaths and Marriages online","Birth, Death and Marriage Historical Records","New Zealand",https://www.bdmhistoricalrecords.dia.govt.nz/,comps
"Past Papers","Newspaper Archive for New Zealand","New Zealand",http://paperspast.natlib.govt.nz/cgi-bin/paperspast,comps
