Sitename,Disc,lo_Name,Link,Typename,ref
Archives of Manitoba,Wills search,Canada,http://www.gov.mb.ca/chc/archives/probate/index.html,Gravestones Obituaries and Wills,76
Barnsley Cemeteries,"Cemetery Records for Barnsley, Yorkshire.",England,http://www.cemeteries.org.uk/,Gravestones Obituaries and Wills,47
Billion Graves,Burial Records,"UK
",https://billiongraves.com/,Gravestones Obituaries and Wills,69
Billion Graves,Burial Records,Australia,https://billiongraves.com/,Gravestones Obituaries and Wills,70
Billion Graves,Burial Records,Canada,https://billiongraves.com/,Gravestones Obituaries and Wills,71
Billion Graves,Burial Records,USA,https://billiongraves.com/,Gravestones Obituaries and Wills,72
Billion Graves,Burial Records,New Zealand,https://billiongraves.com/,Gravestones Obituaries and Wills,73
Brighton Mortiquarian,Burial Ground,"UK
",https://mortiquarian.com/,Gravestones Obituaries and Wills,75
City of London,Burial Registers,England,http://www.cityoflondon.gov.uk/burialRegisters/,Gravestones Obituaries and Wills,49
Deceased online (Subscription),Burial Records,"UK
",https://www.deceasedonline.com/servlet/GSDOSearch,Gravestones Obituaries and Wills,64
Deceased online (Subscription),Burial Records,Australia,https://www.deceasedonline.com/servlet/GSDOSearch,Gravestones Obituaries and Wills,65
Deceased online (Subscription),Burial Records,Canada,https://www.deceasedonline.com/servlet/GSDOSearch,Gravestones Obituaries and Wills,66
Deceased online (Subscription),Burial Records,USA,https://www.deceasedonline.com/servlet/GSDOSearch,Gravestones Obituaries and Wills,67
Deceased online (Subscription),Burial Records,New Zealand,https://www.deceasedonline.com/servlet/GSDOSearch,Gravestones Obituaries and Wills,68
Family Search,Probate search for New Zealand,New Zealand,https://familysearch.org/search/collection/1865481,Gravestones Obituaries and Wills,78
family search wiki,How to find a USA Wills,USA,https://familysearch.org/wiki/en/United_States_Probate_Wills,Gravestones Obituaries and Wills,79
Find a Grave,Cemetery records,"UK
",https://www.findagrave.com/,Gravestones Obituaries and Wills,54
Find a Grave,Cemetery records,Australia,https://www.findagrave.com/,Gravestones Obituaries and Wills,55
Find a Grave,Cemetery records,Canada,https://www.findagrave.com/,Gravestones Obituaries and Wills,56
Find a Grave,Cemetery records,USA,https://www.findagrave.com/,Gravestones Obituaries and Wills,57
Find a Grave,Cemetery records,New Zealand,https://www.findagrave.com/,Gravestones Obituaries and Wills,58
Find My Past,Blog on where to look for in Wills,England,https://blog.findmypast.co.uk/pre-1858-probate-jurisdictions-where-to-look-for-wills-1406192148.html,Gravestones Obituaries and Wills,52
Free Obituaries online,Obituary transcriptions,"UK
",http://www3.sympatico.ca/bkinnon/obit_links6.htm,Gravestones Obituaries and Wills,59
Free Obituaries online,Obituary transcriptions,Australia,http://www3.sympatico.ca/bkinnon/obit_links6.htm,Gravestones Obituaries and Wills,60
Free Obituaries online,Obituary transcriptions,Canada,http://www3.sympatico.ca/bkinnon/obit_links6.htm,Gravestones Obituaries and Wills,61
Free Obituaries online,Obituary transcriptions,USA,http://www3.sympatico.ca/bkinnon/obit_links6.htm,Gravestones Obituaries and Wills,62
Free Obituaries online,Obituary transcriptions,New Zealand,http://www3.sympatico.ca/bkinnon/obit_links6.htm,Gravestones Obituaries and Wills,63
iAnnounce,Obituary transcriptions,"UK
",https://www.iannounce.co.uk/,Gravestones Obituaries and Wills,74
Internment.com,Cemetery Records.,Australia,http://www.interment.net/Default.htm,Gravestones Obituaries and Wills,40
Internment.com,Cemetery Records.,Canada,http://www.interment.net/Default.htm,Gravestones Obituaries and Wills,41
Internment.com,Cemetery Records.,Ireland,http://www.interment.net/Default.htm,Gravestones Obituaries and Wills,42
Internment.com,Cemetery Records.,"Germany
",http://www.interment.net/Default.htm,Gravestones Obituaries and Wills,43
Internment.com,Cemetery Records.,Ireland,http://www.interment.net/Default.htm,Gravestones Obituaries and Wills,44
Internment.com,Cemetery Records.,"UK
",http://www.interment.net/Default.htm,Gravestones Obituaries and Wills,45
Internment.com,Cemetery Records.,USA,http://www.interment.net/Default.htm,Gravestones Obituaries and Wills,46
Kent Archeaological Society,Churchyard Monumental Inscriptions,England,http://www.kentarchaeology.org.uk/Research/Libr/MIs/MIslist.html,Gravestones Obituaries and Wills,48
National Archives,Where to find Wills,England,http://www.nationalarchives.gov.uk/help-with-your-research/research-guides/wills-or-administrations-before-1858/,Gravestones Obituaries and Wills,53
"Ontario, Canadian Headstones",Gravestone records for Ontario.,Canada,http://canadianheadstones.com/on/cemeteries.php,Gravestones Obituaries and Wills,39
St Helens Council,Burial searh of municipal cemetery,England,http://crem.oltps.sthelens.gov.uk/,Gravestones Obituaries and Wills,50
The Ryerson Index,Death Notices and Obituaries from Australian Newspapers.,Australia,http://ryersonindex.net/search.php,Gravestones Obituaries and Wills,38
Tyneside Silent Cities,Tyneside burial records,England,http://www.tynesidesilentcities.com/index.html,Gravestones Obituaries and Wills,51
"Wills, Probate and Inheritance",Find a Will,England,https://probatesearch.service.gov.uk/#wills,Gravestones Obituaries and Wills,77
,,,,,79
,,,,,38
,,,,,41
