Sitename,Disc,lo_Name,Link,Typename,ref
Barnsley Cemeteries,"Cemetery Records for Barnsley, Yorkshire.",England,http://www.cemeteries.org.uk/,Gravestones Obituaries and Wills,47
City of London,Burial Registers,England,http://www.cityoflondon.gov.uk/burialRegisters/,Gravestones Obituaries and Wills,49
Find My Past,Blog on where to look for in Wills,England,https://blog.findmypast.co.uk/pre-1858-probate-jurisdictions-where-to-look-for-wills-1406192148.html,Gravestones Obituaries and Wills,52
Internment.com,Cemetery Records.,Australia,http://www.interment.net/Default.htm,Gravestones Obituaries and Wills,40
Internment.com,Cemetery Records.,Canada,http://www.interment.net/Default.htm,Gravestones Obituaries and Wills,41
Internment.com,Cemetery Records.,Ireland,http://www.interment.net/Default.htm,Gravestones Obituaries and Wills,42
Internment.com,Cemetery Records.,Germany,http://www.interment.net/Default.htm,Gravestones Obituaries and Wills,43
Internment.com,Cemetery Records.,Ireland,http://www.interment.net/Default.htm,Gravestones Obituaries and Wills,44
Internment.com,Cemetery Records.,UK,http://www.interment.net/Default.htm,Gravestones Obituaries and Wills,45
Internment.com,Cemetery Records.,USA,http://www.interment.net/Default.htm,Gravestones Obituaries and Wills,46
Kent Archeaological Society,Churchyard Monumental Inscriptions,England,http://www.kentarchaeology.org.uk/Research/Libr/MIs/MIslist.html,Gravestones Obituaries and Wills,48
National Archives,Where to find Wills,England,http://www.nationalarchives.gov.uk/help-with-your-research/research-guides/wills-or-administrations-before-1858/,Gravestones Obituaries and Wills,53
"Ontario, Canadian Headstones",Gravestone records for Ontario.,Canada,http://canadianheadstones.com/on/cemeteries.php,Gravestones Obituaries and Wills,39
St Helens Council,Burial searh of municipal cemetery,England,http://crem.oltps.sthelens.gov.uk/,Gravestones Obituaries and Wills,50
The Ryerson Index,Death Notices and Obituaries from Australian Newspapers.,Australia,http://ryersonindex.net/search.php,Gravestones Obituaries and Wills,38
Tyneside Silent Cities,Tyneside burial records,England,http://www.tynesidesilentcities.com/index.html,Gravestones Obituaries and Wills,51
