ref,Sitename,Disc,lo_Name,Link,Typename
18,"British Home Children in Canada","British Home Children Register in Canada","UK
",http://canadianbritishhomechildren.weebly.com/,Migration
19,"British Home Children in Canada","British Home Children Register in Canada",Canada,http://canadianbritishhomechildren.weebly.com/,Migration
16,"Castle Garden","Database of information on 11 million immigrants from 1820 through 1892",USA,http://www.castlegarden.org/,Migration
14,"Find Boat Pics","Picture Gallery of Passenger and Trade sailing ships to Australia and New Zealand between 1840 and 1890","New Zealand",http://www.findboatpics.net/,Migration
15,"Find Boat Pics","Picture Gallery of Passenger and Trade sailing ships to Australia and New Zealand between 1840 and 1890",Australia,http://www.findboatpics.net/,Migration
20,"National Maritime Museum","Crew list of British Merchant Navy from 1915","UK
",http://1915crewlists.rmg.co.uk/crew-member?,Migration
17,"Norway Heritage","Database of Norweigan and other Transatlantic passenger lists",Norway,http://www.norwayheritage.com/query_s.asp,Migration
13,"Statue of Liberty - Ellis Island Foundation","Passenger Records of immigrants to the USA",USA,http://www.libertyellisfoundation.org/,Migration
10,"The Ships List","Immigration reports, newspaper records, shipwreck information, ship pictures, ship descriptions, 
    shipping-line fleet lists and more; as well as hundreds of passenger lists to Canada, USA, 
    Australia and even some for South Africa",Canada,http://www.theshipslist.com/,Migration
11,"The Ships List","Immigration reports, newspaper records, shipwreck information, ship pictures, ship descriptions, 
    shipping-line fleet lists and more; as well as hundreds of passenger lists to Canada, USA, 
    Australia and even some for South Africa",Australia,http://www.theshipslist.com/,Migration
12,"The Ships List","Immigration reports, newspaper records, shipwreck information, ship pictures, ship descriptions, 
    shipping-line fleet lists and more; as well as hundreds of passenger lists to Canada, USA, 
    Australia and even some for South Africa",USA,http://www.theshipslist.com/,Migration
