Sitename,Link,lo_Name,Typename
"Old Bailey Online   ",https://www.oldbaileyonline.org/,"UK
",Criminal
"Victorian Crime and Punishment",http://vcp.e2bn.org/,"UK
",Criminal
"General Registry Office",https://www.gro.gov.uk/gro/content/certificates/Login.asp,"UK
",comps
"Criminal Register Index",http://www.genebug.net/crims.html,"UK
",Criminal
"Capital Punishment 18th & 19th Century",http://www.capitalpunishmentuk.org/index18.html,"UK
",Criminal
"Cobourg Gaol Inmates 1832-1848",http://www.ontariogenealogy.com/cobourgcriminal.html,"UK
",Criminal
"Australias First Fleet",http://members.pcug.org.au/~pdownes/dps/1stflt.htm,"UK
",Criminal
"Cornwall OPC",http://www.opc-cornwall.org/,"UK
",comps
"Family Search",https://familysearch.org/,"UK
",comps
FreeBMD,http://www.freebmd.org.uk/,"UK
",comps
