Sitename,Disc,lo_Name,Link,Typename
"Old Bailey Online   ","Searchable proceedings of London's central criminal court 1674-1913.","UK
",https://www.oldbaileyonline.org/,Criminal
"Victorian Crime and Punishment","Prisoner database with records and case study of Victorian Britain.","UK
",http://vcp.e2bn.org/,Criminal
"Criminal Register Index","Transcriptions of Gloucestershire Summary Convictions Register 1853-1879.","UK
",http://www.genebug.net/crims.html,Criminal
"Capital Punishment 18th & 19th Century","Case studies of crimes, in the 18th & 19th centuries.","UK
",http://www.capitalpunishmentuk.org/index18.html,Criminal
"Australias First Fleet","List of convicts sent from the UK to Australia on 13 May 1787","UK
",http://members.pcug.org.au/~pdownes/dps/1stflt.htm,Criminal
"Australias First Fleet","List of convicts sent from the UK to Australia on 13 May 1787",Australia,http://members.pcug.org.au/~pdownes/dps/1stflt.htm,Criminal
"State Library of Queensland","Convict transportation registers database 1787-1867",Australia,http://www.slq.qld.gov.au/resources/family-history/convicts,Criminal
"Cobourg Gaol Inmates 1832-1848","Ontario criminal database from 1832-1848",Canada,http://www.ontariogenealogy.com/cobourgcriminal.html,Criminal
